"","date","S84_AMMONIA-N_mg/L","days"
"1",1973-04-16,0.03,16
"2",1973-04-23,0.08,23
"3",1973-04-30,0.11,29
"4",1973-05-14,NA,43
"5",1973-05-21,NA,50
"6",1973-05-29,0.05,58
"7",1973-06-04,0.1,64
"8",1973-06-11,0.03,71
"9",1973-06-13,0.01,73
"10",1973-06-18,0.19,78
"11",1973-06-25,0.03,85
"12",1973-07-02,0.04,92
"13",1973-07-09,0.06,99
"14",1973-07-16,0.175,106
"15",1973-07-23,0.14,113
"16",1973-07-30,0.02,120
"17",1973-08-06,NA,127
"18",1973-08-13,0.03,134
"19",1973-08-20,0.05,141
"20",1973-08-27,0.08,148
"21",1973-09-04,0.01,156
"22",1973-09-10,0.03,162
"23",1973-09-17,0.1,169
"24",1973-09-24,0.1,176
"25",1973-10-01,0.21,183
"26",1973-10-02,0.15,184
"27",1973-10-08,0.11,190
"28",1973-10-15,0.05,197
"29",1973-10-23,0.11,205
"30",1973-10-29,0.11,212
"31",1973-11-07,0.02,221
"32",1973-11-26,0.07,240
"33",1973-12-03,0.01,247
"34",1973-12-05,0.04,249
"35",1973-12-17,0.13,261
"36",1974-01-02,0.04,277
"37",1974-01-08,0.04,282
"38",1974-01-14,0.08,288
"39",1974-01-28,0.03,302
"40",1974-02-11,0.1,316
"41",1974-02-12,0.09,317
"42",1974-02-25,0.08,330
"43",1974-03-05,0.05,338
"44",1974-03-11,NA,344
"45",1974-03-25,0.05,358
"46",1974-04-02,0.06,366
"47",1974-04-08,0.14,372
"48",1974-04-22,0.33,386
"49",1974-05-07,0.09,401
"50",1974-05-13,0.08,407
"51",1974-05-28,0.12,422
"52",1974-06-10,0.07,435
"53",1974-06-11,0.03,436
"54",1974-07-08,0.08,463
"55",1974-07-09,0.08,464
"56",1974-07-22,0.04,477
"57",1974-08-05,0.07,491
"58",1974-08-13,0.08,499
"59",1974-08-19,0.09,505
"60",1974-09-03,0.09,520
"61",1974-09-10,0.02,527
"62",1974-09-16,NA,533
"63",1974-09-30,0.03,547
"64",1974-10-08,0.03,555
"65",1974-10-14,0.2,561
"66",1974-10-28,0.03,576
"67",1974-11-05,0.03,584
"68",1974-11-12,0.12,591
"69",1974-11-25,0.05,604
"70",1974-12-10,0.24,619
"71",1975-01-07,0.04,647
"72",1975-02-04,0.09,675
"73",1975-03-05,0.04,703
"74",1975-04-08,0.05,737
"75",1975-05-06,0.02,765
"76",1975-06-10,0.07,800
"77",1975-07-15,0.03,835
"78",1975-08-12,0.14,863
"79",1975-09-12,0.17,894
"80",1975-10-28,NA,941
"81",1975-11-18,0.03,962
"82",1976-02-12,0.03,1048
"83",1976-05-11,0.07,1136
"84",1976-06-25,0.34,1181
"85",1976-07-20,0.13,1206
"86",1976-07-23,0.1,1209
"87",1976-08-24,0.11,1241
"88",1976-09-21,0.11,1269
"89",1976-09-24,0.11,1272
"90",1976-10-19,0.1,1297
"91",1978-10-09,0.53,2017
"92",1978-10-23,0.0766666666666667,2031
"93",1978-11-20,0.06,2060
"94",1978-12-04,0.05,2074
"95",1978-12-19,0.04,2089
"96",1979-01-08,0.17,2109
"97",1979-01-22,0.06,2123
"98",1979-02-05,0.05,2137
"99",1979-02-20,0.04,2152
"100",1979-03-05,NA,2165
"101",1979-03-19,0.05,2179
"102",1979-04-02,0.05,2193
"103",1979-04-16,0.04,2207
"104",1979-04-30,NA,2220
"105",1979-05-14,0.01,2234
"106",1979-05-29,0.03,2249
"107",1979-06-11,0.13,2262
"108",1979-06-25,0.06,2276
"109",1979-07-09,0.04,2290
"110",1979-07-23,0.18,2304
"111",1979-08-06,0.02,2318
"112",1979-08-20,0.03,2332
"113",1979-09-05,0.07,2348
"114",1979-09-18,0.06,2361
"115",1979-10-01,0.04,2374
"116",1979-10-15,0.06,2388
"117",1979-10-29,0.13,2403
"118",1979-11-13,0.09,2418
"119",1979-11-27,0.04,2432
"120",1979-12-11,0.07,2446
"121",1979-12-27,0.05,2462
"122",1980-01-08,0.1,2474
"123",1980-01-22,0.02,2488
"124",1980-02-05,0.06,2502
"125",1980-02-19,0.08,2516
"126",1980-03-04,0.07,2530
"127",1980-04-02,0.12,2559
"128",1980-04-16,0.06,2573
"129",1980-04-30,0.03,2586
"130",1980-05-13,0.2,2599
"131",1980-05-28,0.03,2614
"132",1980-06-09,NA,2626
"133",1980-06-25,NA,2642
"134",1980-07-08,NA,2655
"135",1980-07-24,0.02,2671
"136",1980-08-04,0.01,2682
"137",1980-08-20,0.02,2698
"138",1980-09-03,0.02,2712
"139",1980-09-17,0.02,2726
"140",1980-10-01,0.01,2740
"141",1980-10-14,0.03,2753
"142",1980-10-29,0.01,2769
"143",1980-11-12,0.06,2783
"144",1980-12-02,0.03,2803
"145",1980-12-31,0.03,2832
"146",1981-01-14,0.02,2846
"147",1981-01-27,0.04,2859
"148",1981-02-11,0.05,2874
"149",1981-02-24,NA,2887
"150",1981-03-11,0.03,2902
"151",1981-03-24,NA,2915
"152",1981-04-08,0.01,2930
"153",1981-04-21,NA,2943
"154",1981-05-06,0.03,2957
"155",1981-05-19,0.03,2970
"156",1981-06-02,0.02,2984
"157",1981-06-17,0.01,2999
"158",1981-06-30,0.04,3012
"159",1981-07-16,NA,3028
"160",1981-07-28,NA,3040
"161",1981-08-12,0.03,3055
"162",1981-08-25,0.01,3068
"163",1981-09-10,0.0233333333333333,3084
"164",1981-09-23,0.29,3097
"165",1981-10-06,0.16,3110
"166",1981-10-20,0.03,3124
"167",1981-11-04,0.0333333333333333,3140
"168",1981-12-02,0.02,3168
"169",1981-12-29,0.02,3195
"170",1982-02-24,0.01,3252
"171",1982-04-05,0.45,3292
"172",1982-04-19,NA,3306
"173",1982-05-04,NA,3320
"174",1982-06-01,0.0966666666666667,3348
"175",1982-06-14,NA,3361
"176",1982-07-01,0.05,3378
"177",1982-07-12,0.04,3389
"178",1982-07-27,0.22,3404
"179",1982-08-25,0.04,3433
"180",1982-09-21,0.07,3460
"181",1982-10-05,0.08,3474
"182",1982-10-20,0.08,3489
"183",1982-11-22,0.04,3523
"184",1982-12-22,0.02,3553
"185",1983-01-18,0.04,3580
"186",1983-02-01,0.08,3594
"187",1983-02-17,0.11,3610
"188",1983-03-02,0.16,3623
"189",1983-03-15,0.04,3636
"190",1983-03-29,0.07,3650
"191",1983-04-15,0.0333333333333333,3667
"192",1983-08-30,0.03,3803
"193",1984-02-29,0.05,3987
"194",1984-07-31,0.83,4139
"195",1984-09-25,0.06,4195
"196",1984-10-23,0.06,4223
"197",1984-11-19,NA,4251
"198",1984-12-18,NA,4280
"199",1985-01-15,NA,4308
"200",1985-02-26,0.02,4350
"201",1985-03-26,0.04,4378
"202",1985-04-23,NA,4406
"203",1985-05-20,0.04,4432
"204",1985-06-19,0.01,4462
"205",1985-07-30,0.2,4503
"206",1985-09-09,0.01,4544
"207",1985-09-24,NA,4559
"208",1985-10-08,0.35,4573
"209",1985-11-05,0.08,4602
"210",1985-12-03,NA,4630
"211",1986-01-14,0.03,4672
"212",1986-02-12,0.01,4701
"213",1986-02-25,NA,4714
"214",1986-03-25,0.13,4742
"215",1986-04-22,0.03,4770
"216",1986-05-06,0.06,4783
"217",1986-06-17,NA,4825
"218",1986-07-29,0.26,4867
"219",1986-08-26,0.05,4895
"220",1986-09-23,0.11,4923
"221",1986-10-21,NA,4951
"222",1986-11-18,NA,4980
"223",1986-12-18,NA,5010
"224",1987-01-22,0.04,5045
"225",1987-02-03,0.02,5057
"226",1987-03-17,0.02,5099
"227",1987-04-14,0.01,5126
"228",1987-05-11,0.03,5153
"229",1987-06-10,NA,5183
"230",1987-07-21,NA,5224
"231",1987-08-18,NA,5252
"232",1987-09-29,NA,5294
"233",1987-10-28,0.06,5324
"234",1987-11-10,0.24,5337
"235",1987-11-24,0.11,5351
"236",1987-12-08,0.08,5365
"237",1988-01-19,0.02,5407
"238",1988-02-16,0.04,5435
"239",1988-03-01,0.05,5449
"240",1988-04-12,NA,5490
"241",1988-05-10,NA,5518
"242",1988-06-21,NA,5560
"243",1988-07-19,NA,5588
"244",1988-08-02,NA,5602
"245",1988-09-13,NA,5644
"246",1988-10-11,NA,5672
"247",1988-11-22,NA,5715
"248",1988-12-20,0.05,5743
"249",1989-01-31,NA,5785
"250",1989-02-28,0.01,5813
"251",1989-03-28,0.03,5841
"252",1989-04-26,0.02,5869
"253",1989-05-10,NA,5883
"254",1989-06-21,0.05,5925
"255",1989-07-19,NA,5953
"256",1989-08-29,0.03,5994
"257",1989-09-27,0.19,6023
"258",1989-10-11,0.05,6037
"259",1989-11-20,0.05,6078
"260",1989-12-18,0.02,6106
"261",1990-01-02,0.12,6121
"262",1990-01-04,0.07,6123
"263",1990-01-09,0.02,6128
"264",1990-01-17,0.06,6136
"265",1990-01-23,0.1,6142
"266",1990-01-30,0.1,6149
"267",1990-02-06,0.04,6156
"268",1990-02-13,0.01,6163
"269",1990-02-21,0.01,6171
"270",1990-02-28,0.055,6178
"271",1990-03-07,0.06,6185
"272",1990-03-13,0.04,6191
"273",1990-03-20,0.05,6198
"274",1990-03-27,0.02,6205
"275",1990-04-03,NA,6211
"276",1990-04-10,0.02,6218
"277",1990-04-17,NA,6225
"278",1990-04-23,0.08,6231
"279",1990-04-24,0.05,6232
"280",1990-04-30,0.03,6238
"281",1990-05-07,0.02,6245
"282",1990-05-14,0.02,6252
"283",1990-05-21,0.03,6259
"284",1990-05-23,0.06,6261
"285",1990-05-28,0.15,6266
"286",1990-05-29,0.01,6267
"287",1990-06-04,0.01,6273
"288",1990-06-05,NA,6274
"289",1990-06-12,NA,6281
"290",1990-06-18,0.01,6287
"291",1990-06-25,NA,6294
"292",1990-07-02,0.12,6301
"293",1990-07-03,0.02,6302
"294",1990-07-09,NA,6308
"295",1990-07-16,0.05,6315
"296",1990-07-23,NA,6322
"297",1990-07-30,NA,6329
"298",1990-08-06,0.09,6336
"299",1990-08-13,0.16,6343
"300",1990-08-20,NA,6350
"301",1990-08-27,NA,6357
"302",1990-08-29,NA,6359
"303",1990-09-04,0.31,6365
"304",1990-09-17,0.23,6378
"305",1990-09-24,0.03,6385
"306",1990-09-26,0.04,6387
"307",1990-10-01,0.04,6392
"308",1990-10-09,0.1,6400
"309",1990-10-16,0.06,6407
"310",1990-10-22,0.07,6413
"311",1990-10-24,0.07,6415
"312",1990-10-31,0.18,6423
"313",1990-11-06,0.08,6429
"314",1990-11-13,NA,6436
"315",1990-11-19,NA,6442
"316",1990-11-20,0.02,6443
"317",1990-11-26,NA,6449
"318",1990-12-03,0.03,6456
"319",1990-12-10,0.05,6463
"320",1990-12-18,0.03,6471
"321",1990-12-19,0.03,6472
"322",1990-12-26,0.05,6479
"323",1990-12-31,NA,6484
"324",1991-01-07,0.01,6491
"325",1991-01-14,0.03,6498
"326",1991-01-22,0.06,6506
"327",1991-01-28,0.04,6512
"328",1991-01-30,NA,6514
"329",1991-02-04,0.05,6519
"330",1991-02-11,0.06,6526
"331",1991-02-19,0.06,6534
"332",1991-02-25,0.02,6540
"333",1991-02-27,0.02,6542
"334",1991-03-04,NA,6547
"335",1991-03-11,0.02,6554
"336",1991-03-18,NA,6561
"337",1991-03-25,0.2,6568
"338",1991-04-08,0.17,6581
"339",1991-04-15,0.12,6588
"340",1991-04-22,NA,6595
"341",1991-04-23,0.05,6596
"342",1991-04-29,0.05,6602
"343",1991-05-06,NA,6609
"344",1991-05-13,NA,6616
"345",1991-05-22,0.02,6625
"346",1991-05-23,0.06,6626
"347",1991-06-04,0.04,6638
"348",1991-06-06,0.02,6640
"349",1991-06-10,0.05,6644
"350",1991-06-17,0.05,6651
"351",1991-06-24,0.05,6658
"352",1991-07-01,NA,6665
"353",1991-07-08,0.04,6672
"354",1991-07-15,0.05,6679
"355",1991-07-22,0.09,6686
"356",1991-07-29,NA,6693
"357",1991-08-05,0.1,6700
"358",1991-08-12,0.08,6707
"359",1991-08-13,0.02,6708
"360",1991-08-19,0.07,6714
"361",1991-08-26,0.07,6721
"362",1991-08-28,0.19,6723
"363",1991-09-03,0.24,6729
"364",1991-09-09,0.25,6735
"365",1991-09-16,0.14,6742
"366",1991-09-23,0.23,6749
"367",1991-09-25,0.11,6751
"368",1991-09-30,0.15,6756
"369",1991-10-07,0.13,6763
"370",1991-10-14,0.14,6770
"371",1991-10-21,0.09,6777
"372",1991-10-23,0.12,6779
"373",1991-10-28,0.08,6785
"374",1991-11-04,0.05,6792
"375",1991-11-13,NA,6801
"376",1991-11-18,NA,6806
"377",1991-11-20,NA,6808
"378",1991-11-25,NA,6813
"379",1991-12-02,NA,6820
"380",1991-12-09,NA,6827
"381",1991-12-16,NA,6834
"382",1991-12-23,NA,6841
"383",1991-12-30,NA,6848
"384",1991-12-31,NA,6849
"385",1992-01-06,NA,6855
"386",1992-01-13,NA,6862
"387",1992-01-21,NA,6870
"388",1992-01-27,NA,6876
"389",1992-01-29,NA,6878
"390",1992-02-03,NA,6883
"391",1992-02-10,NA,6890
"392",1992-02-19,NA,6899
"393",1992-02-24,NA,6904
"394",1992-02-26,NA,6906
"395",1992-03-02,NA,6911
"396",1992-03-09,NA,6918
"397",1992-03-16,NA,6925
"398",1992-03-23,NA,6932
"399",1992-03-24,NA,6933
"400",1992-03-30,NA,6939
"401",1992-04-06,NA,6945
"402",1992-04-13,NA,6952
"403",1992-04-20,NA,6959
"404",1992-04-21,NA,6960
"405",1992-04-27,NA,6966
"406",1992-05-04,NA,6973
"407",1992-05-11,NA,6980
"408",1992-05-18,NA,6987
"409",1992-05-26,NA,6995
"410",1992-06-01,NA,7001
"411",1992-06-08,NA,7008
"412",1992-06-15,NA,7015
"413",1992-06-22,0.02,7022
"414",1992-06-29,0.23,7029
"415",1992-07-01,0.08,7031
"416",1992-07-06,NA,7036
"417",1992-07-13,0.08,7043
"418",1992-07-21,0.2,7051
"419",1992-07-27,0.105,7057
"420",1992-08-03,0.15,7064
"421",1992-08-11,0.18,7072
"422",1992-08-17,0.07,7078
"423",1992-08-25,0.13,7086
"424",1992-08-26,0.09,7087
"425",1992-08-31,0.09,7092
"426",1992-09-08,0.08,7100
"427",1992-09-15,0.06,7107
"428",1992-09-21,0.05,7113
"429",1992-09-22,0.09,7114
"430",1992-09-28,0.08,7120
"431",1992-10-06,0.12,7128
"432",1992-10-13,0.175,7135
"433",1992-10-20,0.08,7142
"434",1992-10-27,0.02,7150
"435",1992-11-03,0.04,7157
"436",1992-11-10,0.166666666666667,7164
"437",1992-11-18,0.105714285714286,7172
"438",1992-11-23,0.01,7177
"439",1992-12-02,0.03,7186
"440",1992-12-03,0.03,7187
"441",1992-12-08,0.136666666666667,7192
"442",1992-12-15,0.02,7199
"443",1992-12-22,NA,7206
"444",1992-12-29,0.108333333333333,7213
"445",1993-01-06,NA,7221
"446",1993-01-13,0.105,7228
"447",1993-01-21,NA,7236
"448",1993-01-27,0.005,7242
"449",1993-02-03,0.11,7249
"450",1993-02-10,NA,7256
"451",1993-02-18,NA,7264
"452",1993-02-23,0.05,7269
"453",1993-02-24,0.136666666666667,7270
"454",1993-03-03,0.05,7277
"455",1993-03-10,NA,7284
"456",1993-03-17,0.06,7291
"457",1993-03-23,0.05,7297
"458",1993-03-25,0.151666666666667,7299
"459",1993-03-30,NA,7304
"460",1993-04-06,0.06,7310
"461",1993-04-13,0.102857142857143,7317
"462",1993-04-20,0.014,7324
"463",1993-04-27,0.0928571428571429,7331
"464",1993-05-04,0.015,7338
"465",1993-05-11,NA,7345
"466",1993-05-18,0.0942857142857143,7352
"467",1993-05-20,NA,7354
"468",1993-05-25,0.105714285714286,7359
"469",1993-06-02,NA,7367
"470",1993-06-08,0.09,7373
"471",1993-06-16,NA,7381
"472",1993-06-22,0.0957142857142857,7387
"473",1993-06-26,0.03,7391
"474",1993-06-29,NA,7394
"475",1993-07-07,NA,7402
"476",1993-07-13,NA,7408
"477",1993-07-20,NA,7415
"478",1993-07-27,NA,7422
"479",1993-08-03,NA,7429
"480",1993-08-10,NA,7436
"481",1993-08-17,0.03,7443
"482",1993-08-24,NA,7450
"483",1993-08-31,0.03,7457
"484",1993-09-08,NA,7465
"485",1993-09-14,0.005,7471
"486",1993-09-21,NA,7478
"487",1993-09-28,NA,7485
"488",1993-10-05,0.03,7492
"489",1993-10-12,0.12,7499
"490",1993-10-19,0.076,7506
"491",1993-10-26,0.21,7513
"492",1993-11-02,0.0875,7521
"493",1993-11-09,0.12,7528
"494",1993-11-16,0.065,7535
"495",1993-11-23,0.025,7542
"496",1993-11-30,0.008,7549
"497",1993-12-07,NA,7556
"498",1993-12-14,0.01,7563
"499",1993-12-21,NA,7570
"500",1993-12-28,0.006,7577
"501",1994-01-04,0.006,7584
"502",1994-01-11,NA,7591
"503",1994-01-19,NA,7599
"504",1994-01-25,NA,7605
"505",1994-02-01,NA,7612
"506",1994-02-08,NA,7619
"507",1994-02-15,NA,7626
"508",1994-02-23,NA,7634
"509",1994-03-01,0.11,7640
"510",1994-03-08,0.185,7647
"511",1994-03-15,NA,7654
"512",1994-03-22,NA,7661
"513",1994-03-29,0.02,7668
"514",1994-04-05,0.0432,7674
"515",1994-04-12,0.0896666666666667,7681
"516",1994-04-19,0.018,7688
"517",1994-04-26,0.055,7695
"518",1994-05-03,NA,7702
"519",1994-05-10,0.00275,7709
"520",1994-05-17,NA,7716
"521",1994-05-24,NA,7723
"522",1994-06-01,NA,7731
"523",1994-06-07,NA,7737
"524",1994-06-14,0.002,7744
"525",1994-06-21,0.105,7751
"526",1994-06-28,0.04,7758
"527",1994-07-05,0.06125,7765
"528",1994-07-12,0.0852,7772
"529",1994-07-19,0.096,7779
"530",1994-07-20,0.0735,7780
"531",1994-07-26,0.0254,7786
"532",1994-08-02,0.045,7793
"533",1994-08-03,0.031,7794
"534",1994-08-10,NA,7801
"535",1994-08-16,NA,7807
"536",1994-08-17,0.0102,7808
"537",1994-08-24,0.0075,7815
"538",1994-08-29,0.072,7820
"539",1994-08-30,0.042,7821
"540",1994-09-07,0.069,7829
"541",1994-09-12,0.089,7834
"542",1994-09-13,0.0195,7835
"543",1994-09-21,0.04675,7843
"544",1994-09-26,0.07,7848
"545",1994-09-28,0.04,7850
"546",1994-10-05,0.0305,7857
"547",1994-10-10,0.026,7862
"548",1994-10-11,0.00125,7863
"549",1994-10-19,0.0136,7871
"550",1994-10-25,NA,7877
"551",1994-11-01,0.01975,7885
"552",1994-11-09,NA,7893
"553",1994-11-22,NA,7906
"554",1994-11-30,0.03175,7914
"555",1994-12-05,0.016,7919
"556",1994-12-06,0.00325,7920
"557",1994-12-13,NA,7927
"558",1994-12-21,NA,7935
"559",1994-12-28,NA,7942
"560",1995-01-04,0.0184,7949
"561",1995-01-10,0.023,7955
"562",1995-01-18,NA,7963
"563",1995-01-19,NA,7964
"564",1995-01-25,NA,7970
"565",1995-01-30,0.00775,7975
"566",1995-02-01,NA,7977
"567",1995-02-15,NA,7991
"568",1995-02-22,0.00625,7998
"569",1995-02-27,0.011,8003
"570",1995-03-01,0.068,8005
"571",1995-03-09,0.01375,8013
"572",1995-03-15,0.017,8019
"573",1995-03-22,0.0404,8026
"574",1995-03-27,0.0455,8031
"575",1995-03-29,NA,8033
"576",1995-04-05,0.058,8039
"577",1995-04-10,0.015,8044
"578",1995-04-24,NA,8058
"579",1995-05-08,NA,8072
"580",1995-05-22,0.02025,8086
"581",1995-06-05,0.035,8100
"582",1995-06-19,0.0105,8114
"583",1995-07-05,0.0015,8130
"584",1995-07-17,NA,8142
"585",1995-08-03,NA,8159
"586",1995-08-14,0.00925,8170
"587",1995-08-30,0.033,8186
"588",1995-09-11,0.01025,8198
"589",1995-09-26,0.014,8213
"590",1995-10-09,0.142,8226
"591",1995-10-25,0.091,8242
"592",1995-11-06,0.124,8255
"593",1995-11-20,0.095,8269
"594",1995-12-04,0.024,8283
"595",1995-12-19,0.056,8298
"596",1996-01-02,0.04725,8312
"597",1996-01-16,0.098,8326
"598",1996-01-29,0.03125,8339
"599",1996-02-12,0.052,8353
"600",1996-02-26,0.0505,8367
"601",1996-03-11,0.043,8381
"602",1996-03-25,0.24275,8395
"603",1996-04-08,0.0415,8408
"604",1996-04-22,0.06275,8422
"605",1996-05-06,0.081,8436
"606",1996-05-20,0.01075,8450
"607",1996-06-03,0.026,8464
"608",1996-06-18,0.0325,8479
"609",1996-07-01,NA,8492
"610",1996-07-15,NA,8506
"611",1996-07-30,0.012,8521
"612",1996-08-13,NA,8535
"613",1996-08-26,0.0374,8548
"614",1996-09-09,0.091,8562
"615",1996-09-23,NA,8576
"616",1996-10-07,0.026,8590
"617",1996-10-21,0.03,8604
"618",1996-11-04,0.034,8619
"619",1996-11-18,0.0242,8633
"620",1996-12-02,0.009,8647
"621",1996-12-16,0.029,8661
"622",1996-12-30,0.034,8675
"623",1997-01-13,0.022,8689
"624",1997-01-27,0.031,8703
"625",1997-02-10,0.009,8717
"626",1997-02-24,NA,8731
"627",1997-03-10,0.015,8745
"628",1997-03-24,NA,8759
"629",1997-04-07,0.058,8772
"630",1997-04-21,0.05,8786
"631",1997-05-05,0.026,8800
"632",1997-05-19,0.0305,8814
"633",1997-06-02,0.043,8828
"634",1997-06-16,NA,8842
"635",1997-06-30,NA,8856
"636",1997-07-14,0.0345,8870
"637",1997-07-28,0.01,8884
"638",1997-08-11,0.01,8898
"639",1997-08-28,0.08,8915
"640",1997-09-08,NA,8926
"641",1997-09-22,0.076,8940
"642",1997-10-06,0.0055,8954
"643",1997-10-20,0.168,8968
"644",1997-11-03,0.113,8983
"645",1997-11-17,NA,8997
"646",1997-12-01,NA,9011
"647",1997-12-22,0.0935,9032
"648",1998-01-05,NA,9046
"649",1998-01-20,0.068,9061
"650",1998-02-02,0.109,9074
"651",1998-02-18,0.0484,9090
"652",1998-03-02,0.071,9102
"653",1998-03-16,0.014,9116
"654",1998-04-06,0.036,9136
"655",1998-04-21,NA,9151
"656",1998-05-05,NA,9165
"657",1998-05-18,0.213,9178
"658",1998-06-01,NA,9192
"659",1998-06-15,NA,9206
"660",1998-06-29,NA,9220
"661",1998-07-13,NA,9234
"662",1998-07-27,NA,9248
"663",1998-08-10,NA,9262
"664",1998-08-24,NA,9276
"665",1998-09-08,0.2225,9291
"666",1998-09-21,0.01,9304
"667",1998-10-05,0.1156,9318
"668",1998-10-19,0.059,9332
"669",1998-11-02,NA,9347
"670",1998-11-16,NA,9361
"671",1998-11-30,0.136,9375
"672",1998-12-14,0.207,9389
"673",1998-12-28,0.082,9403
"674",1999-01-11,0.036,9417
"675",1999-01-25,0.021,9431
"676",1999-02-08,NA,9445
"677",1999-02-22,0.018,9459
"678",1999-03-08,0.0244,9473
"679",1999-03-22,0.023,9487
"680",1999-04-05,0.004,9500
"681",1999-04-19,0.03025,9514
"682",1999-05-03,0.005,9528
"683",1999-05-17,0.0185,9542
"684",1999-06-07,NA,9563
"685",1999-06-21,0.007,9577
"686",1999-07-12,0.054,9598
"687",1999-07-26,0.022,9612
"688",1999-08-09,0.023,9626
"689",1999-08-23,0.034,9640
"690",1999-09-20,NA,9668
"691",1999-10-04,0.273,9682
"692",1999-10-18,0.067,9696
"693",1999-11-01,0.013,9711
"694",1999-11-15,0.01,9725
"695",1999-12-13,0.111,9753
"696",1999-12-27,0.018,9767
"697",2000-01-10,NA,9781
"698",2000-01-24,0.107,9795
"699",2000-02-07,0.067,9809
"700",2000-02-22,0.073,9824
"701",2000-03-06,0.009,9837
"702",2000-03-20,0.393,9851
"703",2000-04-04,0.051,9865
"704",2000-04-17,NA,9878
"705",2000-05-01,0.032,9892
"706",2000-05-15,0.011,9906
"707",2000-06-12,NA,9934
"708",2000-06-26,0.0405,9948
"709",2000-07-10,NA,9962
"710",2000-07-25,NA,9977
"711",2000-08-07,0.061,9990
"712",2000-08-21,0.047,10004
"713",2000-09-05,0.048,10019
"714",2000-09-18,0.0235,10032
"715",2000-10-02,0.267,10046
"716",2000-10-16,0.284,10060
"717",2000-10-30,0.0588,10075
"718",2000-11-13,0.048,10089
"719",2000-12-04,0.031,10110
"720",2000-12-18,0.09,10124
"721",2001-01-08,0.018,10145
"722",2001-01-22,0.061,10159
"723",2001-02-05,0.0044,10173
"724",2001-02-20,0.013,10188
"725",2001-03-05,0.054,10201
"726",2001-03-19,0.097,10215
"727",2001-04-02,0.079,10228
"728",2001-04-16,0.037,10242
"729",2001-04-30,0.066,10256
"730",2001-05-14,NA,10270
"731",2001-06-04,0.018,10291
"732",2001-06-18,NA,10305
"733",2001-07-02,NA,10319
"734",2001-07-16,0.11,10333
"735",2001-07-30,0.458,10347
"736",2001-08-13,0.093,10361
"737",2001-08-27,0.346,10375
"738",2001-09-10,0.508,10389
"739",2001-09-24,0.048,10403
"740",2001-10-08,0.083,10417
"741",2001-10-22,0.126,10431
"742",2001-11-05,0.038,10446
"743",2001-11-19,0.109,10460
"744",2001-12-03,0.0145,10474
"745",2001-12-17,0.02,10488
"746",2002-01-07,0.094,10509
"747",2002-01-22,0.003,10524
"748",2002-02-04,0.018,10537
"749",2002-02-19,0.049,10552
"750",2002-03-04,0.0095,10565
"751",2002-03-18,0.055,10579
"752",2002-04-01,NA,10593
"753",2002-04-15,0.082,10606
"754",2002-04-29,NA,10620
"755",2002-05-13,NA,10634
"756",2002-05-28,NA,10649
"757",2002-06-10,0.017,10662
"758",2002-06-24,0.08,10676
"759",2002-07-08,NA,10690
"760",2002-07-22,NA,10704
"761",2002-08-05,NA,10718
"762",2002-08-19,0.195,10732
"763",2002-09-03,NA,10747
"764",2002-09-16,0.0943333333333333,10760
"765",2002-09-30,0.022,10774
"766",2002-10-14,0.041,10788
"767",2002-10-28,0.041,10803
"768",2002-11-12,NA,10818
"769",2002-11-25,NA,10831
"770",2002-12-09,NA,10845
"771",2002-12-30,0.0675,10866
"772",2003-01-27,0.026,10894
"773",2003-02-10,0.04,10908
"774",2003-02-24,0.107,10922
"775",2003-03-10,0.051,10936
"776",2003-03-24,0.084,10950
"777",2003-04-07,0.107,10963
"778",2003-04-21,NA,10977
"779",2003-05-05,NA,10991
"780",2003-05-19,NA,11005
"781",2003-06-02,0.013,11019
"782",2003-06-16,0.0155,11033
"783",2003-07-08,NA,11055
"784",2003-07-21,0.012,11068
"785",2003-08-04,0.042,11082
"786",2003-08-18,0.013,11096
"787",2003-09-02,0.021,11111
"788",2003-09-15,0.014,11124
"789",2003-10-06,0.077,11145
"790",2003-10-20,0.099,11159
"791",2003-11-03,0.098,11174
"792",2003-11-17,0.085,11188
"793",2003-12-01,0.056,11202
"794",2003-12-15,0.012,11216
"795",2004-01-05,0.158,11237
"796",2004-01-21,0.031,11253
"797",2004-02-02,NA,11265
"798",2004-02-17,0.012,11280
"799",2004-03-01,0.139,11293
"800",2004-03-15,0.021,11307
"801",2004-04-05,NA,11327
"802",2004-04-19,0.032,11341
"803",2004-05-03,NA,11355
"804",2004-06-07,0.016,11390
"805",2004-06-21,NA,11404
"806",2004-07-12,NA,11425
"807",2004-07-26,0.009,11439
"808",2004-08-09,NA,11453
"809",2004-08-23,0.277,11467
"810",2004-09-13,0.0015,11488
"811",2004-10-04,0.028,11509
"812",2004-10-18,0.074,11523
"813",2004-11-01,0.238,11538
"814",2004-11-15,NA,11552
"815",2004-12-06,0.007,11573
"816",2004-12-20,0.058,11587
"817",2005-01-03,0.044,11601
"818",2005-01-18,0.036,11616
"819",2005-01-31,NA,11629
"820",2005-02-14,0.098,11643
"821",2005-02-28,0.083,11657
"822",2005-03-14,NA,11671
"823",2005-04-04,0.04,11691
"824",2005-04-18,0.028,11705
"825",2005-05-02,NA,11719
"826",2005-05-16,0.031,11733
"827",2005-06-13,NA,11761
"828",2005-06-27,0.009,11775
"829",2005-07-11,0.01,11789
"830",2005-07-25,0.028,11803
"831",2005-08-08,0.011,11817
"832",2005-08-22,0.109,11831
"833",2005-09-06,0.208,11846
"834",2005-09-20,0.1695,11860
"835",2005-10-03,0.001,11873
"836",2005-10-17,0.02,11887
"837",2005-11-01,0.028,11903
"838",2005-11-14,0.019,11916
"839",2005-12-05,NA,11937
"840",2005-12-19,NA,11951
"841",2006-01-09,0.061,11972
"842",2006-01-23,0.163,11986
"843",2006-02-06,0.049,12000
"844",2006-02-21,NA,12015
"845",2006-03-06,0.242,12028
"846",2006-03-20,0.274,12042
"847",2006-04-03,NA,12055
"848",2006-04-17,0.01,12069
"849",2006-05-08,NA,12090
"850",2006-05-22,0.151,12104
"851",2006-06-05,0.0025,12118
"852",2006-06-19,NA,12132
"853",2006-07-05,NA,12148
"854",2006-07-17,NA,12160
"855",2006-08-07,NA,12181
"856",2006-08-21,NA,12195
"857",2006-09-11,0,12216
"858",2006-09-25,0.157,12230
"859",2006-10-09,0.1355,12244
"860",2006-10-23,NA,12258
"861",2006-11-14,0.011,12281
"862",2006-11-27,0.064,12294
"863",2006-12-04,0.025,12301
"864",2006-12-18,0.022,12315
"865",2007-01-08,0.015,12336
"866",2007-01-22,0.016,12350
"867",2007-02-12,0.028,12371
"868",2007-02-26,0.0064,12385
"869",2007-03-12,0.086,12398
"870",2007-03-26,0.01,12412
"871",2007-04-09,0.0145,12426
"872",2007-04-23,0.008,12440
"873",2007-05-07,0.019,12454
"874",2007-05-21,0.02,12468
"875",2007-06-04,0.017,12482
"876",2007-06-18,0.01,12496
"877",2007-07-09,0.021,12517
"878",2007-07-23,0.082,12531
"879",2007-08-06,0.007,12545
"880",2007-08-20,0.1585,12559
"881",2007-09-10,0.15,12580
"882",2007-09-24,0.179,12594
"883",2007-10-08,0.302,12608
"884",2007-10-22,0.194,12622
"885",2007-11-13,0.0755,12645
"886",2007-11-26,0.0405,12658
"887",2007-12-05,0.001,12667
"888",2007-12-19,0.022,12681
"889",2008-01-02,0.0025,12695
"890",2008-01-16,0.007,12709
"891",2008-02-06,0.0025,12730
"892",2008-02-20,0.0045,12744
"893",2008-03-05,0.012,12758
"894",2008-03-19,0.008,12771
"895",2008-04-02,0.004,12785
"896",2008-04-16,0.02,12799
"897",2008-05-14,0.016,12827
"898",2008-05-28,0.058,12841
"899",2008-06-25,0.184,12869
"900",2008-07-16,0.021,12890
"901",2008-07-30,0.016,12904
"902",2008-08-13,0.0775,12918
"903",2008-08-28,0.047,12933
"904",2008-09-10,0.309,12946
"905",2008-09-24,0.563,12960
"906",2008-10-08,0.084,12974
"907",2008-10-22,0.068,12988
"908",2008-11-05,0.038,13003
"909",2008-11-19,0.037,13017
"910",2008-12-03,0.024,13031
"911",2008-12-17,0.0505,13045
"912",2009-01-07,0.053,13066
"913",2009-01-21,0.042,13080
"914",2009-02-04,0.017,13094
"915",2009-02-18,0.016,13108
"916",2009-03-11,0.029,13128
"917",2009-03-25,0.013,13142
"918",2009-04-08,0.0105,13156
"919",2009-04-22,0.013,13170
"920",2009-05-06,0.005,13184
"921",2009-05-20,0.023,13198
"922",2009-06-03,0.005,13212
"923",2009-06-17,0.018,13226
"924",2009-07-08,0.016,13247
"925",2009-07-22,0.013,13261
"926",2009-08-12,0.153,13282
"927",2009-08-26,0.011,13296
"928",2009-09-09,0.0385,13310
"929",2009-09-23,0.35,13324
"930",2009-10-14,0.118,13345
"931",2009-10-28,0.035,13359
"932",2009-11-04,0.039,13367
"933",2009-11-18,0.03,13381
"934",2009-12-09,0.06,13402
"935",2009-12-23,0.025,13416
"936",2010-01-13,0.064,13437
"937",2010-01-27,0.014,13451
"938",2010-02-10,0.017,13465
"939",2010-02-24,0.011,13479
"940",2010-03-03,0.013,13486
"941",2010-03-17,0.016,13499
"942",2010-04-07,0.153,13520
"943",2010-04-21,0.016,13534
"944",2010-05-12,0.121,13555
"945",2010-05-26,0.012,13569
"946",2010-06-16,0.014,13590
"947",2010-06-30,0.079,13604
"948",2010-07-14,0.028,13618
"949",2010-07-28,0.015,13632
"950",2010-08-04,0.005,13639
"951",2010-08-18,0.02,13653
"952",2010-09-15,0.051,13681
"953",2010-09-29,0.043,13695
"954",2010-10-13,0.016,13709
"955",2010-10-27,0.012,13723
"956",2010-11-03,0.035,13730
"957",2010-11-17,0.014,13745
"958",2010-12-01,0.012,13759
"959",2010-12-13,0.008,13771
"960",2011-01-05,0.005,13794
"961",2011-01-20,0.012,13809
"962",2011-02-03,NA,13823
"963",2011-02-17,0.011,13837
"964",2011-03-02,0.007,13850
"965",2011-03-16,0.008,13863
"966",2011-04-06,0.006,13884
"967",2011-04-20,0.011,13898
"968",2011-05-18,NA,13926
"969",2011-06-08,0.01,13947
"970",2011-06-22,NA,13961
"971",2011-07-06,0.011,13975
"972",2011-07-20,NA,13989
"973",2011-08-10,0.117,14010
"974",2011-08-24,0.007,14024
"975",2011-09-07,0.094,14038
"976",2011-09-21,0.536,14052
"977",2011-10-05,0.147,14066
"978",2011-10-19,0.009,14080
"979",2011-11-02,0.031,14094
"980",2011-11-16,0.023,14109
"981",2011-12-07,0.065,14130
"982",2011-12-21,0.071,14144
"983",2012-01-04,0.094,14158
"984",2012-01-18,0.025,14172
"985",2012-02-08,0.014,14193
"986",2012-02-22,0.026,14207
"987",2012-03-07,0.034,14221
"988",2012-03-21,0.008,14234
"989",2012-04-04,0.009,14248
"990",2012-04-18,0.005,14262
"991",2012-05-02,0.016,14276
"992",2012-05-16,0.015,14290
"993",2012-06-06,0.011,14311
"994",2012-06-20,0.007,14325
"995",2012-07-11,NA,14346
"996",2012-07-25,0.008,14360
"997",2012-08-08,0.405,14374
"998",2012-08-22,0.828,14388
"999",2012-09-05,0.02,14402
"1000",2012-09-20,0.246,14417
"1001",2012-10-03,0.207,14430
"1002",2012-10-17,0.232,14444
"1003",2012-11-14,0.069,14473
"1004",2012-11-28,0.152,14487
"1005",2012-12-05,0.06,14494
"1006",2012-12-19,0.021,14508
"1007",2013-01-09,0.159,14529
"1008",2013-01-23,0.029,14543
"1009",2013-02-06,0.068,14557
"1010",2013-02-21,0.026,14572
"1011",2013-03-06,0.032,14585
"1012",2013-03-20,0.012,14598
"1013",2013-04-03,0.03,14612
"1014",2013-04-17,0.047,14626
"1015",2013-05-08,0.015,14647
"1016",2013-05-22,0.013,14661
"1017",2013-06-05,0.027,14675
"1018",2013-06-19,0.014,14689
"1019",2013-07-10,0.022,14710
"1020",2013-07-24,0.02,14724
"1021",2013-08-07,0.016,14738
"1022",2013-08-21,0.008,14752
"1023",2013-09-04,0.016,14766
"1024",2013-09-18,0.014,14780
"1025",2013-10-07,0.012,14799
"1026",2013-10-21,0.059,14813
"1027",2013-11-04,0.048,14828
"1028",2013-11-18,0.088,14842
"1029",2013-12-02,0.078,14856
"1030",2013-12-16,0.032,14870
"1031",2014-01-06,0.011,14891
"1032",2014-01-21,0.007,14906
"1033",2014-02-03,0.011,14919
"1034",2014-02-17,0.013,14933
"1035",2014-03-03,0.013,14947
"1036",2014-03-17,0.018,14960
"1037",2014-04-07,0.012,14981
"1038",2014-04-21,0.016,14995
"1039",2014-05-05,0.013,15009
"1040",2014-05-19,0.01,15023
"1041",2014-06-09,0.011,15044
"1042",2014-06-23,0.011,15058
"1043",2014-07-07,0.01,15072
"1044",2014-07-21,0.012,15086
"1045",2014-08-04,0.012,15100
"1046",2014-08-18,0.009,15114
"1047",2014-09-08,0.008,15135
"1048",2014-09-22,0.012,15149
"1049",2014-10-06,0.025,15163
"1050",2014-10-20,0.018,15177
"1051",2014-11-03,0.067,15192
"1052",2014-11-17,0.117,15206
"1053",2014-12-01,0.025,15220
"1054",2014-12-15,0.023,15234
"1055",2015-01-05,0.143,15255
"1056",2015-01-20,0.02,15270
"1057",2015-02-02,0.01,15283
"1058",2015-02-16,0.015,15297
"1059",2015-03-02,0.011,15311
"1060",2015-03-16,0.014,15324
"1061",2015-04-06,0.011,15345
"1062",2015-04-20,0.012,15359
"1063",2015-05-04,0.01,15373
"1064",2015-05-18,0.011,15387
"1065",2015-06-01,0.013,15401
"1066",2015-06-15,0.013,15415
"1067",2015-07-06,0.116,15436
"1068",2015-07-20,0.013,15450
"1069",2015-08-03,0.011,15464
"1070",2015-08-17,0.008,15478
"1071",2015-08-31,0.008,15492
"1072",2015-09-14,0.005,15506
"1073",2015-09-28,0.015,15520
"1074",2015-10-12,0.103,15534
"1075",2015-10-26,0.026,15548
"1076",2015-11-09,0.008,15563
"1077",2015-11-23,0.032,15577
"1078",2015-12-07,0.024,15591
"1079",2015-12-21,0.026,15605
"1080",2016-01-04,0.044,15619
"1081",2016-01-20,0.013,15635
"1082",2016-02-01,0.016,15647
"1083",2016-02-15,0.016,15661
"1084",2016-02-29,0.017,15675
"1085",2016-03-14,0.051,15688
"1086",2016-03-28,0.02,15702
"1087",2016-04-11,0.017,15716
"1088",2016-04-25,0.02,15730
"1089",2016-05-09,0.013,15744
"1090",2016-05-23,0.018,15758
"1091",2016-06-06,0.014,15772
"1092",2016-06-20,0.015,15786
"1093",2016-07-06,0.016,15802
"1094",2016-07-18,0.011,15814
"1095",2016-08-01,0.016,15828
"1096",2016-08-15,0.018,15842
"1097",2016-08-29,0.021,15856
"1098",2016-09-12,0.021,15870
"1099",2016-09-26,0.027,15884
"1100",2016-10-10,0.023,15898
"1101",2016-10-24,0.06,15912
"1102",2016-11-07,0.016,15927
"1103",2016-11-21,0.016,15941
"1104",2016-12-05,0.02,15955
"1105",2016-12-19,0.049,15969
"1106",2017-01-04,0.012,15985
"1107",2017-01-17,0.02,15998
"1108",2017-01-30,0.165,16011
"1109",2017-02-13,0.012,16025
"1110",2017-02-27,0.079,16039
"1111",2017-03-13,0.009,16052
"1112",2017-03-27,0.015,16066
"1113",2017-04-10,0.025,16080
"1114",2017-04-24,0.012,16094
"1115",2017-05-22,0.009,16122
"1116",2017-06-05,0.008,16136
"1117",2017-06-19,0.007,16150
"1118",2017-07-05,0.006,16166
"1119",2017-07-17,0.013,16178
"1120",2017-08-01,0.013,16193
"1121",2017-08-14,0.025,16206
"1122",2017-08-28,0.015,16220
"1123",2017-09-13,0.391,16236
"1124",2017-09-25,0.02,16248
"1125",2017-10-09,0.058,16262
"1126",2017-10-23,0.024,16276
"1127",2017-11-06,0.058,16291
"1128",2017-11-20,0.045,16305
"1129",2017-12-04,0.056,16319
"1130",2017-12-18,0.101,16333
"1131",2018-01-02,0.062,16348
"1132",2018-01-16,0.047,16362
"1133",2018-02-12,0.032,16389
"1134",2018-03-12,0.029,16416
"1135",2018-04-09,0.011,16444
"1136",2018-04-23,0.014,16458
"1137",2018-05-07,0.012,16472
"1138",2018-05-21,0.008,16486
"1139",2018-06-04,0.015,16500
"1140",2018-06-18,0.038,16514
"1141",2018-07-02,0.01,16528
"1142",2018-07-16,0.01,16542
"1143",2018-07-30,0.01,16556
"1144",2018-08-13,0.008,16570
"1145",2018-08-27,0.01,16584
"1146",2018-09-10,0.012,16598
"1147",2018-09-24,0.195,16612
"1148",2018-10-08,0.201,16626
"1149",2018-10-22,0.219,16640
"1150",2018-11-19,0.01,16669
"1151",2018-12-17,0.012,16697
"1152",2019-01-02,0.013,16713
"1153",2019-01-14,0.022,16725
"1154",2019-01-28,0.032,16739
"1155",2019-02-11,0.009,16753
"1156",2019-02-25,0.009,16767
"1157",2019-03-11,0.013,16780
"1158",2019-04-08,0.01,16808
"1159",2019-04-22,0.008,16822
"1160",2019-05-06,0.011,16836
"1161",2019-05-20,0.006,16850
"1162",2019-06-03,0.009,16864
"1163",2019-06-17,NA,16878
"1164",2019-07-01,0.008,16892
"1165",2019-07-15,0.012,16906
"1166",2019-07-29,0.014,16920
"1167",2019-08-12,0.007,16934
"1168",2019-08-26,0.018,16948
"1169",2019-09-09,0.043,16962
"1170",2019-09-23,0.369,16976
"1171",2019-10-08,0.051,16991
"1172",2019-10-21,0.032,17004
"1173",2019-11-04,0.039,17019
"1174",2019-11-18,0.032,17033
"1175",2019-12-02,0.097,17047
"1176",2019-12-16,0.034,17061
"1177",2019-12-30,0.012,17075
"1178",2020-01-13,0.012,17089
"1179",2020-01-27,0.01,17103
"1180",2020-02-10,0.016,17117
"1181",2020-03-09,0.055,17144
"1182",2020-04-06,0.018,17172
"1183",2020-05-04,0.011,17200
"1184",2020-05-18,0.012,17214
"1185",2020-06-01,0.079,17228
"1186",2020-06-15,0.009,17242
"1187",2020-06-29,0.014,17256
"1188",2020-07-13,0.007,17270
"1189",2020-07-27,NA,17284
"1190",2020-08-10,0.009,17298
"1191",2020-08-24,0.206,17312
"1192",2020-09-08,0.01,17327
"1193",2020-09-21,0.024,17340
"1194",2020-10-05,0.016,17354
"1195",2020-10-19,0.029,17368
"1196",2020-11-02,0.035,17383
"1197",2020-11-16,0.033,17397
"1198",2020-11-30,0.025,17411
"1199",2020-12-14,0.012,17425
"1200",2020-12-28,0.015,17439
"1201",2021-01-11,0.012,17453
"1202",2021-02-08,0.013,17481
"1203",2021-02-22,0.011,17495
"1204",2021-03-08,0.113,17509
"1205",2021-03-22,0.007,17522
"1206",2021-04-05,0.118,17536
"1207",2021-04-19,0.005,17550
"1208",2021-05-03,0.011,17564
"1209",2021-05-17,0.033,17578
"1210",2021-06-01,0.067,17593
"1211",2021-06-28,0.13,17620
"1212",2021-07-12,0.014,17634
"1213",2021-07-26,0.008,17648
"1214",2021-08-09,0.011,17662
"1215",2021-08-23,0.015,17676
"1216",2021-09-20,0.025,17704
"1217",2021-10-04,0.016,17718
"1218",2021-10-18,0.022,17732
"1219",2021-11-01,0.014,17746
"1220",2021-11-15,0.017,17761
"1221",2021-11-29,0.011,17775
"1222",2021-12-13,0.018,17789
"1223",2021-12-27,0.02,17803
"1224",2022-01-10,0.015,17817
"1225",2022-01-24,0.012,17831
"1226",2022-02-07,0.013,17845
"1227",2022-02-21,0.011,17859
"1228",2022-03-07,0.016,17873
"1229",2022-03-21,0.01,17886
"1230",2022-04-04,0.009,17900
"1231",2022-05-02,0.012,17928
"1232",2022-05-16,NA,17942
"1233",2022-05-31,NA,17957
"1234",2022-06-13,0.006,17970
"1235",2022-06-27,0.039,17984
"1236",2022-07-11,0.014,17998
"1237",2022-07-25,0.015,18012
"1238",2022-08-08,0.048,18026
"1239",2022-08-22,0.011,18040
"1240",2022-09-06,0.01,18055
"1241",2022-09-19,NA,18068
"1242",2022-10-03,0.014,18082
"1243",2022-10-17,0.015,18096
"1244",2022-10-31,0.02,18110
"1245",2022-11-14,0.069,18125
"1246",2022-11-28,0.045,18139
"1247",2022-12-12,0.023,18153
"1248",2022-12-27,0.037,18168
"1249",2023-01-09,0.028,18181
"1250",2023-01-23,0.015,18195
"1251",2023-02-06,0.013,18209
"1252",2023-02-20,0.011,18223
"1253",2023-03-06,0.062,18237
"1254",2023-03-20,0.028,18250
"1255",2023-04-03,0.013,18264
"1256",2023-04-17,0.012,18278
"1257",2023-05-01,0.008,18292
